"dataset","subset","feature","n_cells","n_genes_in_feature","rho","p_value","q_value"
"GSE181919","all_tumor_epithelial","basal",1376,6,0.34729309512208,2.76541277944027e-40,4.00984853018839e-39
"GSE181919","all_tumor_epithelial","KRT15",1376,1,0.0317493772038383,0.239214337552694,0.308320701734583
"GSE181919","all_tumor_epithelial","KRT5",1376,1,0.303206806449578,1.18743158546424e-30,1.14785053261543e-29
"GSE181919","all_tumor_epithelial","KRT14",1376,1,0.242248796485943,7.93923499882987e-20,3.8372969161011e-19
"GSE181919","all_tumor_epithelial","TP63",1376,1,0.296504165894836,2.52332775205794e-29,2.09075728027658e-28
"GSE181919","all_tumor_epithelial","COL17A1",1376,1,0.244332221736832,3.75536371696217e-20,1.98010086894369e-19
"GSE181919","all_tumor_epithelial","ITGA6",1376,1,0.174861176908755,6.5390113837844e-11,2.5284177350633e-10
"GSE181919","all_tumor_epithelial","differentiated",1376,6,0.0682980715085136,0.0112724330756864,0.0225448661513728
"GSE181919","all_tumor_epithelial","KRT13",1376,1,-0.0311692464393147,0.247911616474199,0.312584212076164
"GSE181919","all_tumor_epithelial","KRT4",1376,1,-0.0487563722537845,0.0706028233064133,0.104999070558256
"GSE181919","all_tumor_epithelial","IVL",1376,1,-0.00848368802374634,0.753203889192296,0.780104028092021
"GSE181919","all_tumor_epithelial","SPRR1B",1376,1,0.0455114846136657,0.0914948108228017,0.129431683602988
"GSE181919","all_tumor_epithelial","SPINK5",1376,1,0.12251952896905,5.16803757433164e-06,1.36248263323289e-05
"GSE181919","all_tumor_epithelial","KRT1",1376,1,-0.0302520155469759,0.262109376512552,0.316715496619333
"GSE181919","all_tumor_epithelial","epithelial_adhesion",1376,5,0.375664416691563,2.32532651692258e-47,4.49563126605032e-46
"GSE181919","all_tumor_epithelial","CDH1",1376,1,0.14338089959339,9.22183088657447e-08,3.34291369638325e-07
"GSE181919","all_tumor_epithelial","EPCAM",1376,1,-0.27033873890998,1.79512947400447e-24,1.30146886865324e-23
"GSE181919","all_tumor_epithelial","DSG3",1376,1,0.265394735200912,1.29809437839191e-23,8.36549710519229e-23
"GSE181919","all_tumor_epithelial","PKP1",1376,1,0.445487672365462,4.78246884632563e-68,2.77383193086886e-66
"GSE181919","all_tumor_epithelial","JUP",1376,1,0.412344932273114,1.29580758972005e-57,3.75784201018815e-56
"GSE181919","all_tumor_epithelial","proliferation",1376,6,-0.131753281839769,9.37752719204538e-07,2.71948288569316e-06
"GSE181919","all_tumor_epithelial","MKI67",1376,1,-0.0482959318986493,0.0733046645949714,0.106291763662708
"GSE181919","all_tumor_epithelial","TOP2A",1376,1,-0.013518405502163,0.616353314764626,0.662009115858302
"GSE181919","all_tumor_epithelial","PCNA",1376,1,-0.137057995338225,3.33295607303194e-07,1.01742869597817e-06
"GSE181919","all_tumor_epithelial","TYMS",1376,1,-0.137845295234913,2.84896299895775e-07,9.17999188553052e-07
"GSE181919","all_tumor_epithelial","BIRC5",1376,1,-0.0888109810523697,0.000974035133605114,0.00225976150996386
"GSE181919","all_tumor_epithelial","CDK1",1376,1,-0.10044704941227,0.000189900296442579,0.000458925716402898
"GSE181919","all_tumor_epithelial","emt",1376,8,0.0140294618296445,0.60308578349044,0.659980668725387
"GSE181919","all_tumor_epithelial","VIM",1376,1,0.00422974124221725,0.875435468040729,0.875435468040729
"GSE181919","all_tumor_epithelial","SNAI1",1376,1,0.0722311723645183,0.0073524555632943,0.0152300865239668
"GSE181919","all_tumor_epithelial","SNAI2",1376,1,-0.0565832751586531,0.0358432831570948,0.0561867681922027
"GSE181919","all_tumor_epithelial","ZEB1",1376,1,-0.0183108537837161,0.4973462858436,0.576921691578576
"GSE181919","all_tumor_epithelial","ZEB2",1376,1,0.0330295227270249,0.220788790728415,0.297808136331351
"GSE181919","all_tumor_epithelial","CDH2",1376,1,-0.0664144029236832,0.0137361900868487,0.0250735437981808
"GSE181919","all_tumor_epithelial","FN1",1376,1,0.141583232577388,1.3364969910075e-07,4.55981326343735e-07
"GSE181919","all_tumor_epithelial","TWIST1",1376,1,-0.0305027262793864,0.258174063641912,0.316715496619333
"GSE181919","all_tumor_epithelial","invasion",1376,6,-0.0811312784078262,0.0025974392546871,0.00579428756814816
"GSE181919","all_tumor_epithelial","MMP1",1376,1,0.074616303464491,0.00561944685098172,0.0120714043465533
"GSE181919","all_tumor_epithelial","MMP9",1376,1,-0.0638455994430712,0.0178563569968301,0.0313839001762468
"GSE181919","all_tumor_epithelial","MMP10",1376,1,0.0141685392695643,0.599497534389241,0.659980668725387
"GSE181919","all_tumor_epithelial","LAMC2",1376,1,-0.0499075329062724,0.0642034304775386,0.0979947096762432
"GSE181919","all_tumor_epithelial","PTHLH",1376,1,0.104472876651405,0.000103399545992179,0.000260746681197668
"GSE181919","all_tumor_epithelial","CXCL8",1376,1,-0.245130234730515,2.81387668579505e-20,1.63204847776113e-19
"GSE181919","all_tumor_epithelial","oncogenic_signaling",1376,7,0.00585393225323487,0.828244934375526,0.842775547259308
"GSE181919","all_tumor_epithelial","EGFR",1376,1,0.0663462056128809,0.0138336793369273,0.0250735437981808
"GSE181919","all_tumor_epithelial","MYC",1376,1,-0.124350588501212,3.71905908648992e-06,1.02716870007817e-05
"GSE181919","all_tumor_epithelial","CCND1",1376,1,0.327676160901743,8.42531744511925e-36,9.77336823633832e-35
"GSE181919","all_tumor_epithelial","CDKN2A",1376,1,-0.237022050999106,5.03461229142727e-19,2.24621163771371e-18
"GSE181919","all_tumor_epithelial","STAT3",1376,1,0.0606961678718614,0.0243524783062247,0.039234548382251
"GSE181919","all_tumor_epithelial","JUN",1376,1,0.016065715983486,0.551545313867039,0.627247611848789
"GSE181919","all_tumor_epithelial","FOS",1376,1,0.0411542278229034,0.127046358208094,0.175444970858796
"GSE181919","all_tumor_epithelial","LGALS1",1376,1,0.0087852885837295,0.744730210276849,0.780104028092021
"GSE181919","all_tumor_epithelial","LGALS2",1376,1,0.0320129332957419,0.235334980545809,0.308320701734583
"GSE181919","all_tumor_epithelial","LGALS3",1376,1,-0.0665388663496798,0.0135598289852865,0.0250735437981808
"GSE181919","all_tumor_epithelial","LGALS4",1376,1,0.0297521786856807,0.270078168218977,0.319684362381646
"GSE181919","all_tumor_epithelial","LGALS7B",1376,1,0.223421862520692,5.01197633714989e-17,2.07639019681924e-16
"GSE181919","all_tumor_epithelial","LGALS8",1376,1,-0.0627086776960781,0.0200014245560426,0.0341200771838373
"GSE181919","all_tumor_epithelial","LGALS9",1376,1,0.0619624503331812,0.0215285440618662,0.0356758730168068
"GSE181919","LGALS7_detected","basal",733,6,0.297684537637661,1.82402079349071e-16,1.17548006691624e-15
"GSE181919","LGALS7_detected","KRT15",733,1,-0.0525013068583326,0.155615696086086,0.209900241232394
"GSE181919","LGALS7_detected","KRT5",733,1,0.388501000240971,8.04361203484732e-28,2.19126834913433e-26
"GSE181919","LGALS7_detected","KRT14",733,1,0.235790120895631,1.01808617619094e-10,4.02557578152005e-10
"GSE181919","LGALS7_detected","TP63",733,1,0.235670286536604,1.04109718487587e-10,4.02557578152005e-10
"GSE181919","LGALS7_detected","COL17A1",733,1,0.185531957552571,4.22576607188484e-07,1.11406560076964e-06
"GSE181919","LGALS7_detected","ITGA6",733,1,0.0982184014990357,0.00778949270930851,0.0145738895851579
"GSE181919","LGALS7_detected","differentiated",733,6,0.0431433368650175,0.243367391463559,0.300325717125243
"GSE181919","LGALS7_detected","KRT13",733,1,-0.0462279384270583,0.211260717750445,0.27778883375829
"GSE181919","LGALS7_detected","KRT4",733,1,-0.0556133587376134,0.132512069921158,0.182992858462551
"GSE181919","LGALS7_detected","IVL",733,1,1.02541492836303e-05,0.999778868886547,0.999778868886547
"GSE181919","LGALS7_detected","SPRR1B",733,1,0.0970796490648828,0.00853696348697442,0.0154732463201411
"GSE181919","LGALS7_detected","SPINK5",733,1,0.0832114030615614,0.0242637754325921,0.0365710741188093
"GSE181919","LGALS7_detected","KRT1",733,1,-0.0956580800578179,0.00955949555414761,0.0168015376406231
"GSE181919","LGALS7_detected","epithelial_adhesion",733,5,0.351343995973716,1.01440466976014e-22,1.17670941692176e-21
"GSE181919","LGALS7_detected","CDH1",733,1,0.196867177706083,7.7200313707426e-08,2.23880909751535e-07
"GSE181919","LGALS7_detected","EPCAM",733,1,-0.387481602490381,1.13341466334534e-27,2.19126834913433e-26
"GSE181919","LGALS7_detected","DSG3",733,1,0.307329385221553,1.69036574320946e-17,1.63402021843581e-16
"GSE181919","LGALS7_detected","PKP1",733,1,0.399548032414291,1.80946918628597e-29,1.04949212804586e-27
"GSE181919","LGALS7_detected","JUP",733,1,0.359133130661172,9.80760925005706e-24,1.42210334125827e-22
"GSE181919","LGALS7_detected","proliferation",733,6,-0.300474501458903,9.25055096456539e-17,6.70664944930991e-16
"GSE181919","LGALS7_detected","MKI67",733,1,-0.202269202586448,3.31212386607509e-08,1.01106939069661e-07
"GSE181919","LGALS7_detected","TOP2A",733,1,-0.0912647276045024,0.0134418887872606,0.0216563763794755
"GSE181919","LGALS7_detected","PCNA",733,1,-0.251693724824371,4.70072379248638e-12,2.27201649970175e-11
"GSE181919","LGALS7_detected","TYMS",733,1,-0.26119406304937,6.74165065252339e-13,3.91015737846357e-12
"GSE181919","LGALS7_detected","BIRC5",733,1,-0.254084223828383,2.90527071633995e-12,1.53187001407016e-11
"GSE181919","LGALS7_detected","CDK1",733,1,-0.23257214344366,1.8476048831489e-10,6.69756770141477e-10
"GSE181919","LGALS7_detected","emt",733,8,-0.0916828454883549,0.0130202724663826,0.0215764515157198
"GSE181919","LGALS7_detected","VIM",733,1,-0.0941427301928203,0.0107681697337249,0.0183692307222366
"GSE181919","LGALS7_detected","SNAI1",733,1,-0.0457996879322953,0.215525819295225,0.27778883375829
"GSE181919","LGALS7_detected","SNAI2",733,1,-0.131084945007309,0.000373265442422236,0.000773192702160345
"GSE181919","LGALS7_detected","ZEB1",733,1,-0.00834971538466925,0.82145179769642,0.870804454832035
"GSE181919","LGALS7_detected","ZEB2",733,1,-0.0081447877120595,0.825762845099343,0.870804454832035
"GSE181919","LGALS7_detected","CDH2",733,1,0.0239389059314942,0.517562112986328,0.60037205106414
"GSE181919","LGALS7_detected","FN1",733,1,0.0727284148185406,0.0490342504702135,0.0693655250554239
"GSE181919","LGALS7_detected","TWIST1",733,1,-0.112782584003869,0.00222802289528198,0.0043075109308785
"GSE181919","LGALS7_detected","invasion",733,6,-0.13461116834475,0.000257295983991277,0.000552709891536818
"GSE181919","LGALS7_detected","MMP1",733,1,-0.0321188877910016,0.385215977957071,0.455969933092043
"GSE181919","LGALS7_detected","MMP9",733,1,-0.166044021157102,6.20719134575006e-06,1.56529173066741e-05
"GSE181919","LGALS7_detected","MMP10",733,1,-0.151817081194213,3.67170702782101e-05,8.51836030454475e-05
"GSE181919","LGALS7_detected","LAMC2",733,1,-0.0830988450761928,0.0244572901568191,0.0365710741188093
"GSE181919","LGALS7_detected","PTHLH",733,1,-0.00358975940181169,0.922707738448158,0.938895593508652
"GSE181919","LGALS7_detected","CXCL8",733,1,-0.190596663517462,2.00217850741779e-07,5.52982635382055e-07
"GSE181919","LGALS7_detected","oncogenic_signaling",733,7,-0.0338721147101626,0.359797826126389,0.434755706569386
"GSE181919","LGALS7_detected","EGFR",733,1,-0.0770182597474243,0.0370939223540724,0.053786187413405
"GSE181919","LGALS7_detected","MYC",733,1,-0.204357231079293,2.37311103817577e-08,7.64669112301082e-08
"GSE181919","LGALS7_detected","CCND1",733,1,0.238501942817256,6.11934969333499e-11,2.73017140164177e-10
"GSE181919","LGALS7_detected","CDKN2A",733,1,-0.141847148024071,0.000116530945172824,0.000259953646923993
"GSE181919","LGALS7_detected","STAT3",733,1,0.0450645080162428,0.222991440038046,0.281163120047971
"GSE181919","LGALS7_detected","JUN",733,1,0.00736576933241248,0.842197822614614,0.872276316279422
"GSE181919","LGALS7_detected","FOS",733,1,0.00882123740377228,0.811553041847242,0.870804454832035
"GSE181919","LGALS7_detected","LGALS1",733,1,-0.115136453095728,0.00179462156039265,0.00358924312078529
"GSE181919","LGALS7_detected","LGALS2",733,1,-0.0830215825093602,0.0245908946660959,0.0365710741188093
"GSE181919","LGALS7_detected","LGALS3",733,1,-0.225014658850697,7.23693638252359e-10,2.46907241286099e-09
"GSE181919","LGALS7_detected","LGALS4",733,1,-0.0177178509581357,0.632001564848385,0.704924822330891
"GSE181919","LGALS7_detected","LGALS7B",733,1,0.30153500622358,7.13250920533441e-17,5.90979334156279e-16
"GSE181919","LGALS7_detected","LGALS8",733,1,-0.156453065016909,2.09231185121381e-05,5.05642030710004e-05
"GSE181919","LGALS7_detected","LGALS9",733,1,-0.0223644099727671,0.54548756404835,0.620358406172633
"GSE103322","all_tumor_epithelial","basal",2215,6,0.495818431351454,8.90094534293936e-138,1.69117961515848e-136
"GSE103322","all_tumor_epithelial","KRT15",2215,1,-0.0465568332438116,0.0284451269341943,0.037706331052304
"GSE103322","all_tumor_epithelial","KRT5",2215,1,0.478731605177602,2.88174217856145e-127,4.10648260445007e-126
"GSE103322","all_tumor_epithelial","KRT14",2215,1,0.627122896281171,2.02225264642731e-242,1.15268400846357e-240
"GSE103322","all_tumor_epithelial","TP63",2215,1,0.0537039945155609,0.0114743466519107,0.0163509439789728
"GSE103322","all_tumor_epithelial","COL17A1",2215,1,0.504365289731752,2.91037741581434e-143,8.29457563507088e-142
"GSE103322","all_tumor_epithelial","ITGA6",2215,1,0.281632622713234,1.16240433559232e-41,5.09669593298172e-41
"GSE103322","all_tumor_epithelial","differentiated",2215,6,0.301651114440323,7.9870584585227e-48,3.79385276779828e-47
"GSE103322","all_tumor_epithelial","KRT13",2215,1,0.312590225326062,2.09763799251279e-51,1.08695786884754e-50
"GSE103322","all_tumor_epithelial","KRT4",2215,1,0.0237592509559714,0.263683657247456,0.3005993692621
"GSE103322","all_tumor_epithelial","IVL",2215,1,0.148336966043217,2.27973024865578e-12,5.41435934055748e-12
"GSE103322","all_tumor_epithelial","SPRR1B",2215,1,0.197874563111978,5.42710888939749e-21,1.71858448164254e-20
"GSE103322","all_tumor_epithelial","SPINK5",2215,1,0.134236218677265,2.25590120741396e-10,4.94562957009984e-10
"GSE103322","all_tumor_epithelial","KRT1",2215,1,0.0607029009358079,0.00426412578220921,0.00694443341674071
"GSE103322","all_tumor_epithelial","epithelial_adhesion",2215,5,-0.0570654284478518,0.00722290939187997,0.0111271847388421
"GSE103322","all_tumor_epithelial","CDH1",2215,1,0.100502694801195,2.14382551882635e-06,4.21372601976213e-06
"GSE103322","all_tumor_epithelial","EPCAM",2215,1,-0.438291988557356,1.19698416811378e-104,1.36456195164971e-103
"GSE103322","all_tumor_epithelial","DSG3",2215,1,0.400408838766195,4.50467071314882e-86,3.66808900927832e-85
"GSE103322","all_tumor_epithelial","PKP1",2215,1,0.0215757734350451,0.310114149343157,0.336636957284184
"GSE103322","all_tumor_epithelial","JUP",2215,1,0.163265007226489,1.06318581805546e-14,2.7546178013255e-14
"GSE103322","all_tumor_epithelial","proliferation",2215,6,-0.0181776825090193,0.392496732787784,0.41430210683155
"GSE103322","all_tumor_epithelial","MKI67",2215,1,-0.025344195142598,0.233138935969375,0.282742964899029
"GSE103322","all_tumor_epithelial","TOP2A",2215,1,-0.0755175706664843,0.000374804752384093,0.000647390026845251
"GSE103322","all_tumor_epithelial","PCNA",2215,1,-0.0214469163052633,0.313013311158978,0.336636957284184
"GSE103322","all_tumor_epithelial","TYMS",2215,1,0.0888591690954342,2.81454857212906e-05,5.01341464410489e-05
"GSE103322","all_tumor_epithelial","BIRC5",2215,1,-0.0928299759295595,1.20923906138455e-05,2.22343956448127e-05
"GSE103322","all_tumor_epithelial","CDK1",2215,1,-0.024419916754277,0.250631736750174,0.291551203974692
"GSE103322","all_tumor_epithelial","emt",2215,8,0.128587465091411,1.2505344987658e-09,2.64001727517224e-09
"GSE103322","all_tumor_epithelial","VIM",2215,1,0.034364582229684,0.105901606229407,0.134142034557249
"GSE103322","all_tumor_epithelial","SNAI1",2215,1,0.0143847390149187,0.498626055076615,0.507530091774412
"GSE103322","all_tumor_epithelial","SNAI2",2215,1,0.241611266653374,8.68258184702159e-31,3.2993811018682e-30
"GSE103322","all_tumor_epithelial","ZEB1",2215,1,-0.188696845027013,3.35608905413742e-19,1.00682671624123e-18
"GSE103322","all_tumor_epithelial","ZEB2",2215,1,-0.0246526271939797,0.246143562153396,0.291551203974692
"GSE103322","all_tumor_epithelial","CDH2",2215,1,-0.0504579048246377,0.0175531165041582,0.0238220866842147
"GSE103322","all_tumor_epithelial","FN1",2215,1,-0.135728895571981,1.41739414205846e-10,3.23165864389328e-10
"GSE103322","all_tumor_epithelial","TWIST1",2215,1,-0.0354042197722332,0.0957456261193702,0.12403410656373
"GSE103322","all_tumor_epithelial","invasion",2215,5,0.396612726195715,2.43340157168021e-84,1.73379861982215e-83
"GSE103322","all_tumor_epithelial","MMP1",2215,1,0.159808641279531,3.86003826519734e-14,9.56618178766298e-14
"GSE103322","all_tumor_epithelial","MMP9",2215,1,0.0284204616071132,0.181193399468647,0.224522255863324
"GSE103322","all_tumor_epithelial","MMP10",2215,1,0.170867957297488,5.64398581422771e-16,1.6085359570549e-15
"GSE103322","all_tumor_epithelial","LAMC2",2215,1,0.409125056002467,3.88230899414248e-90,3.68819354443535e-89
"GSE103322","all_tumor_epithelial","PTHLH",2215,1,0.207320205381633,6.26270626303985e-23,2.09984857054865e-22
"GSE103322","all_tumor_epithelial","oncogenic_signaling",2215,7,0.0557224307522743,0.00871423127406462,0.0130713469110969
"GSE103322","all_tumor_epithelial","EGFR",2215,1,0.249310888023343,9.82436665220435e-33,3.99992070839749e-32
"GSE103322","all_tumor_epithelial","MYC",2215,1,0.0588329920967008,0.00561011176562637,0.00888267696224175
"GSE103322","all_tumor_epithelial","CCND1",2215,1,-0.0982188457228967,3.63653388686046e-06,6.90941438503486e-06
"GSE103322","all_tumor_epithelial","CDKN2A",2215,1,-0.120084761555246,1.43651893971301e-08,2.92434212727291e-08
"GSE103322","all_tumor_epithelial","STAT3",2215,1,0.0747101819771317,0.00043304937881864,0.000725994546843015
"GSE103322","all_tumor_epithelial","JUN",2215,1,0.0546971201138393,0.0100318950860226,0.0146620005103408
"GSE103322","all_tumor_epithelial","FOS",2215,1,-0.0147738671678699,0.487080642491834,0.504792665855174
"GSE103322","all_tumor_epithelial","LGALS1",2215,1,0.167462936035997,2.1378798941592e-15,5.80281685557496e-15
"GSE103322","all_tumor_epithelial","LGALS2",2215,1,-0.051125422381009,0.0161118735681124,0.0223994339849367
"GSE103322","all_tumor_epithelial","LGALS3",2215,1,0.322054800230498,1.25640846893772e-54,7.95725363660556e-54
"GSE103322","all_tumor_epithelial","LGALS4",2215,1,-0.02196334218843,0.301501338173574,0.336636957284184
"GSE103322","all_tumor_epithelial","LGALS7B",2215,1,0.320111304663252,5.8941372673951e-54,3.35965824241521e-53
"GSE103322","all_tumor_epithelial","LGALS8",2215,1,-0.000640405623398924,0.975969034884825,0.975969034884825
"GSE103322","all_tumor_epithelial","LGALS9",2215,1,-0.233677908518336,7.47109107624931e-29,2.66157619591382e-28
"GSE103322","LGALS7_detected","basal",1609,6,0.365477230567173,5.03118795939378e-52,4.77962856142409e-51
"GSE103322","LGALS7_detected","KRT15",1609,1,-0.130540200516579,1.4826332439036e-07,3.67072202861246e-07
"GSE103322","LGALS7_detected","KRT5",1609,1,0.442188727097567,5.35726189624381e-78,1.01787976028632e-76
"GSE103322","LGALS7_detected","KRT14",1609,1,0.59662557645793,9.6165111970297e-156,5.48141138230693e-154
"GSE103322","LGALS7_detected","TP63",1609,1,-0.0352993322399478,0.156986549771285,0.20809844969682
"GSE103322","LGALS7_detected","COL17A1",1609,1,0.465364442721634,2.89669802681074e-87,8.25558937641062e-86
"GSE103322","LGALS7_detected","ITGA6",1609,1,0.175553258889074,1.32646581197052e-12,4.20047507123999e-12
"GSE103322","LGALS7_detected","differentiated",1609,6,0.278841651660424,4.02953263391644e-30,2.55203733481375e-29
"GSE103322","LGALS7_detected","KRT13",1609,1,0.266072791120115,1.77056923271779e-27,9.1747678422649e-27
"GSE103322","LGALS7_detected","KRT4",1609,1,0.00488043647423524,0.844911704986904,0.859999414004527
"GSE103322","LGALS7_detected","IVL",1609,1,0.130184869593641,1.60335900857402e-07,3.67072202861246e-07
"GSE103322","LGALS7_detected","SPRR1B",1609,1,0.150168311404758,1.41928912297969e-09,3.85235619094487e-09
"GSE103322","LGALS7_detected","SPINK5",1609,1,0.213566086985198,4.71442291151904e-18,1.91944361397561e-17
"GSE103322","LGALS7_detected","KRT1",1609,1,0.0603962171336457,0.0153944947314787,0.0224996461460074
"GSE103322","LGALS7_detected","epithelial_adhesion",1609,5,-0.13016617789409,1.60996580202301e-07,3.67072202861246e-07
"GSE103322","LGALS7_detected","CDH1",1609,1,0.0648931548553867,0.00922131747347171,0.014205813405078
"GSE103322","LGALS7_detected","EPCAM",1609,1,-0.435169586717679,2.49441850147304e-75,3.55454636459908e-74
"GSE103322","LGALS7_detected","DSG3",1609,1,0.370046082900077,2.18898392951495e-53,2.49544167964704e-52
"GSE103322","LGALS7_detected","PKP1",1609,1,-0.025309197381025,0.310303825579073,0.353746361160144
"GSE103322","LGALS7_detected","JUP",1609,1,0.00776560721033464,0.755603501652837,0.797581473966883
"GSE103322","LGALS7_detected","proliferation",1609,6,-0.127039569597602,3.17718246508652e-07,6.70738520407155e-07
"GSE103322","LGALS7_detected","MKI67",1609,1,-0.0766822094897036,0.00208363141142543,0.00383119324036288
"GSE103322","LGALS7_detected","TOP2A",1609,1,-0.134464232756595,6.16019658749262e-08,1.59605093403218e-07
"GSE103322","LGALS7_detected","PCNA",1609,1,-0.110062191808278,9.65003803743838e-06,1.96447202904996e-05
"GSE103322","LGALS7_detected","TYMS",1609,1,-0.00604738204265658,0.808479256309006,0.83787850199297
"GSE103322","LGALS7_detected","BIRC5",1609,1,-0.159125050658714,1.37301351357285e-10,3.91308851368263e-10
"GSE103322","LGALS7_detected","CDK1",1609,1,-0.0853860161013733,0.000606626268585708,0.00115258991031285
"GSE103322","LGALS7_detected","emt",1609,8,-0.0113019747386882,0.650540948277252,0.699638378335912
"GSE103322","LGALS7_detected","VIM",1609,1,-0.0316052458982616,0.205122495669697,0.259821827848282
"GSE103322","LGALS7_detected","SNAI1",1609,1,0.00403302056545071,0.871582398491813,0.871582398491813
"GSE103322","LGALS7_detected","SNAI2",1609,1,0.162034810173582,6.24332493635013e-11,1.87299748090504e-10
"GSE103322","LGALS7_detected","ZEB1",1609,1,-0.274165270859531,3.88705538644219e-29,2.21562157027205e-28
"GSE103322","LGALS7_detected","ZEB2",1609,1,-0.0705742455750351,0.00462245576172939,0.00823374932558048
"GSE103322","LGALS7_detected","CDH2",1609,1,-0.101604891277467,4.44555282982454e-05,8.73781073448272e-05
"GSE103322","LGALS7_detected","FN1",1609,1,-0.203571722512338,1.63944311152776e-16,5.84051608481765e-16
"GSE103322","LGALS7_detected","TWIST1",1609,1,-0.0652907395751531,0.00880007870043219,0.0139924563248408
"GSE103322","LGALS7_detected","invasion",1609,5,0.247430032366187,7.17465831185802e-24,3.14581172135313e-23
"GSE103322","LGALS7_detected","MMP1",1609,1,0.0261311498502737,0.294847876861594,0.350482358546298
"GSE103322","LGALS7_detected","MMP9",1609,1,-0.0391213661596778,0.116734046697145,0.158424777660411
"GSE103322","LGALS7_detected","MMP10",1609,1,0.129409281201432,1.90074616936089e-07,4.16702044821426e-07
"GSE103322","LGALS7_detected","LAMC2",1609,1,0.33374290628926,3.67281419535697e-43,2.99072013050496e-42
"GSE103322","LGALS7_detected","PTHLH",1609,1,0.050106906528791,0.0444729332377873,0.0618282242574116
"GSE103322","LGALS7_detected","oncogenic_signaling",1609,7,-0.0261151874216061,0.29514303877583,0.350482358546298
"GSE103322","LGALS7_detected","EGFR",1609,1,0.197689412712119,1.21694512402212e-15,4.08034541583886e-15
"GSE103322","LGALS7_detected","MYC",1609,1,0.0627986475110305,0.0117511552250595,0.0176267328375893
"GSE103322","LGALS7_detected","CCND1",1609,1,-0.0701675672850971,0.00486454612841887,0.00840239785817805
"GSE103322","LGALS7_detected","CDKN2A",1609,1,-0.261344974178508,1.55216643535436e-26,7.37279056793322e-26
"GSE103322","LGALS7_detected","STAT3",1609,1,0.0654392630240826,0.00864718041347499,0.0139924563248408
"GSE103322","LGALS7_detected","JUN",1609,1,0.0310117376665558,0.213762567574114,0.264879703298358
"GSE103322","LGALS7_detected","FOS",1609,1,-0.0554270322531833,0.0261962904816099,0.0373297139362942
"GSE103322","LGALS7_detected","LGALS1",1609,1,-0.0239775821301614,0.33645780210045,0.376041072935797
"GSE103322","LGALS7_detected","LGALS2",1609,1,-0.0344776427845487,0.166874950051184,0.216178912566307
"GSE103322","LGALS7_detected","LGALS3",1609,1,0.310662328499116,2.44387271988016e-37,1.74125931291461e-36
"GSE103322","LGALS7_detected","LGALS4",1609,1,0.0179728872761749,0.47125873746999,0.516572077611335
"GSE103322","LGALS7_detected","LGALS7B",1609,1,0.0255819933327625,0.30511600014457,0.353746361160144
"GSE103322","LGALS7_detected","LGALS8",1609,1,-0.0652548929278133,0.00883734083674157,0.0139924563248408
"GSE103322","LGALS7_detected","LGALS9",1609,1,-0.206300462386542,6.33401137064805e-17,2.40692432084626e-16
"GSE172577","all_tumor_epithelial","basal",41187,6,0.0304847492871257,6.09314450500252e-10,8.41434241167014e-10
"GSE172577","all_tumor_epithelial","KRT15",41187,1,-0.0904964033344833,1.24112709226095e-75,2.76866812888981e-75
"GSE172577","all_tumor_epithelial","KRT5",41187,1,0.324885789413617,0,0
"GSE172577","all_tumor_epithelial","KRT14",41187,1,0.189948621204712,0,0
"GSE172577","all_tumor_epithelial","TP63",41187,1,-0.0269660056459424,4.41315375315556e-08,5.68806483740051e-08
"GSE172577","all_tumor_epithelial","COL17A1",41187,1,-0.00142773753488742,0.772011558403889,0.783968787379832
"GSE172577","all_tumor_epithelial","ITGA6",41187,1,-0.149386034491106,3.80941494009349e-204,1.16287403434433e-203
"GSE172577","all_tumor_epithelial","differentiated",41187,6,0.3493183840348,0,0
"GSE172577","all_tumor_epithelial","KRT13",41187,1,0.435228479411303,0,0
"GSE172577","all_tumor_epithelial","KRT4",41187,1,0.314970829403669,0,0
"GSE172577","all_tumor_epithelial","IVL",41187,1,0.288526104450144,0,0
"GSE172577","all_tumor_epithelial","SPRR1B",41187,1,0.224051566886154,0,0
"GSE172577","all_tumor_epithelial","SPINK5",41187,1,0.376355853605131,0,0
"GSE172577","all_tumor_epithelial","KRT1",41187,1,-0.138762919304075,3.71070488780238e-176,1.02486134996447e-175
"GSE172577","all_tumor_epithelial","epithelial_adhesion",41187,5,-0.00813760922624979,0.0986424624193831,0.112181623927926
"GSE172577","all_tumor_epithelial","CDH1",41187,1,0.0168981487355444,0.000604584874459907,0.000715631075891319
"GSE172577","all_tumor_epithelial","EPCAM",41187,1,-0.191772364937951,0,0
"GSE172577","all_tumor_epithelial","DSG3",41187,1,0.142474783349423,1.08067534072283e-185,3.13395848809622e-185
"GSE172577","all_tumor_epithelial","PKP1",41187,1,0.0507731853174345,6.3144056750301e-25,1.07716332103455e-24
"GSE172577","all_tumor_epithelial","JUP",41187,1,-0.00461174999347871,0.349318555662207,0.368372295061964
"GSE172577","all_tumor_epithelial","proliferation",41187,6,0.0598989364212567,4.67071515723101e-34,8.46567122248121e-34
"GSE172577","all_tumor_epithelial","MKI67",41187,1,-0.00690714374353248,0.160989906037052,0.17617763302168
"GSE172577","all_tumor_epithelial","TOP2A",41187,1,-0.00804930139937019,0.102353617876126,0.114163650707987
"GSE172577","all_tumor_epithelial","PCNA",41187,1,0.0882176697077416,5.97301241977533e-72,1.28309155684063e-71
"GSE172577","all_tumor_epithelial","TYMS",41187,1,0.0496342547728186,6.84396896934901e-24,1.13414342920641e-23
"GSE172577","all_tumor_epithelial","BIRC5",41187,1,-0.0120855606020604,0.0141777121041049,0.0164461460407617
"GSE172577","all_tumor_epithelial","CDK1",41187,1,-0.0025669608385228,0.602409278158531,0.623923895235621
"GSE172577","all_tumor_epithelial","emt",41187,8,-0.0755308118510849,3.53501517312073e-53,7.07003034624146e-53
"GSE172577","all_tumor_epithelial","VIM",41187,1,-0.0697823432640914,1.23789157576903e-45,2.39325704648679e-45
"GSE172577","all_tumor_epithelial","SNAI1",41187,1,0.123962169418086,1.01596308497456e-140,2.67844813311475e-140
"GSE172577","all_tumor_epithelial","SNAI2",41187,1,0.0430063372925896,2.50805277059016e-18,3.93154218092512e-18
"GSE172577","all_tumor_epithelial","ZEB1",41187,1,-0.0293941965810009,2.42341830739768e-09,3.19450595066058e-09
"GSE172577","all_tumor_epithelial","ZEB2",41187,1,-0.041983785935736,1.54225184807883e-17,2.35396334706769e-17
"GSE172577","all_tumor_epithelial","CDH2",41187,1,-0.0304084565816516,6.7214829026056e-10,9.06618624072383e-10
"GSE172577","all_tumor_epithelial","FN1",41187,1,-0.0238625872874975,1.27665141803845e-06,1.60969091839631e-06
"GSE172577","all_tumor_epithelial","TWIST1",41187,1,-0.0343834597260364,2.95535781987176e-12,4.18075008664785e-12
"GSE172577","all_tumor_epithelial","invasion",41187,6,-0.284277490594657,0,0
"GSE172577","all_tumor_epithelial","MMP1",41187,1,-0.170361125261241,9.20023525946758e-266,3.13890379440659e-265
"GSE172577","all_tumor_epithelial","MMP9",41187,1,-0.041087223797851,7.31997265176292e-17,1.08861131744167e-16
"GSE172577","all_tumor_epithelial","MMP10",41187,1,-0.207377547780637,0,0
"GSE172577","all_tumor_epithelial","LAMC2",41187,1,-0.10177916130159,2.88431408327778e-95,6.97042570125463e-95
"GSE172577","all_tumor_epithelial","PTHLH",41187,1,-0.198933127174966,0,0
"GSE172577","all_tumor_epithelial","CXCL8",41187,1,-0.0445562100481474,1.47335123597129e-19,2.37373254684263e-19
"GSE172577","all_tumor_epithelial","oncogenic_signaling",41187,7,0.16110161600112,1.63013924981077e-237,5.25267091605694e-237
"GSE172577","all_tumor_epithelial","EGFR",41187,1,-0.0962943888088378,1.97740508124953e-85,4.58757978849892e-85
"GSE172577","all_tumor_epithelial","MYC",41187,1,0.258118865603903,0,0
"GSE172577","all_tumor_epithelial","CCND1",41187,1,0.10578063663388,8.60454866833754e-103,2.16984270766773e-102
"GSE172577","all_tumor_epithelial","CDKN2A",41187,1,-0.0169266555064111,0.000591820498109056,0.00071511643521511
"GSE172577","all_tumor_epithelial","STAT3",41187,1,0.0608952088284202,3.82041609462371e-35,7.1478752738121e-35
"GSE172577","all_tumor_epithelial","JUN",41187,1,0.0793826805231446,1.43966369743832e-58,2.98216051612223e-58
"GSE172577","all_tumor_epithelial","FOS",41187,1,0.228208358907556,0,0
"GSE172577","all_tumor_epithelial","LGALS1",41187,1,0.00512633980863047,0.298179912890986,0.320267313845874
"GSE172577","all_tumor_epithelial","LGALS2",41187,1,0.00135089724022957,0.783968787379832,0.783968787379832
"GSE172577","all_tumor_epithelial","LGALS3",41187,1,0.185422482349685,2.72267976761747e-315,9.86971415761331e-315
"GSE172577","all_tumor_epithelial","LGALS4",41187,1,0.0358422948573698,3.43455232627117e-13,4.98010087309319e-13
"GSE172577","all_tumor_epithelial","LGALS7B",41187,1,0.509764405416892,0,0
"GSE172577","all_tumor_epithelial","LGALS8",41187,1,0.0546594795250165,1.24222981313588e-28,2.18331300490548e-28
"GSE172577","all_tumor_epithelial","LGALS9",41187,1,0.0216082687586507,1.15620583885333e-05,1.42680720539347e-05
"GSE172577","LGALS7_detected","basal",15187,6,-0.0494042085082579,1.11806421098775e-09,1.75264119560241e-09
"GSE172577","LGALS7_detected","KRT15",15187,1,-0.230352019815159,4.67163911412234e-182,9.03183562063651e-181
"GSE172577","LGALS7_detected","KRT5",15187,1,0.0997801942783701,6.54416547301183e-35,2.23271527902757e-34
"GSE172577","LGALS7_detected","KRT14",15187,1,0.222473135788605,1.21525632623909e-169,1.76212167304668e-168
"GSE172577","LGALS7_detected","TP63",15187,1,-0.155346977167571,1.17008736917442e-82,1.13108445686861e-81
"GSE172577","LGALS7_detected","COL17A1",15187,1,-0.00409279807101863,0.614023313005851,0.614023313005851
"GSE172577","LGALS7_detected","ITGA6",15187,1,-0.10109823144509,8.47809041061606e-36,3.27819495877154e-35
"GSE172577","LGALS7_detected","differentiated",15187,6,0.0268841212905048,0.000921672429387834,0.00127278573582129
"GSE172577","LGALS7_detected","KRT13",15187,1,-0.09797488432532,1.02919948215429e-33,3.31630944249714e-33
"GSE172577","LGALS7_detected","KRT4",15187,1,-0.0485700907868975,2.11650648721466e-09,3.23045726995921e-09
"GSE172577","LGALS7_detected","IVL",15187,1,0.138239129434088,1.11206075976041e-65,9.2142177237291e-65
"GSE172577","LGALS7_detected","SPRR1B",15187,1,0.193365159269908,7.42591969405612e-128,8.6140668451051e-127
"GSE172577","LGALS7_detected","SPINK5",15187,1,-0.0644862285684134,1.7968012686506e-15,3.72194548506195e-15
"GSE172577","LGALS7_detected","KRT1",15187,1,0.0690130382612595,1.67582786804447e-17,3.59992653135478e-17
"GSE172577","LGALS7_detected","epithelial_adhesion",15187,5,0.0566741034665554,2.76247569797818e-12,5.34078634942448e-12
"GSE172577","LGALS7_detected","CDH1",15187,1,-0.0083676726994787,0.30248084930014,0.313283736775145
"GSE172577","LGALS7_detected","EPCAM",15187,1,-0.0976446332395911,1.69444145822468e-33,5.17250550405429e-33
"GSE172577","LGALS7_detected","DSG3",15187,1,0.053392320157193,4.57998964140337e-11,8.04967876367865e-11
"GSE172577","LGALS7_detected","PKP1",15187,1,0.091296089888815,1.77282904630787e-29,4.67382203117529e-29
"GSE172577","LGALS7_detected","JUP",15187,1,0.0940528771929088,3.43940894906267e-31,9.97428595228174e-31
"GSE172577","LGALS7_detected","proliferation",15187,6,-0.106391533927093,1.75968810680046e-39,8.50515918286888e-39
"GSE172577","LGALS7_detected","MKI67",15187,1,-0.104135567452846,6.89049192651159e-38,3.07421947490517e-37
"GSE172577","LGALS7_detected","TOP2A",15187,1,-0.101446776863034,4.91617603365762e-36,2.03670149965816e-35
"GSE172577","LGALS7_detected","PCNA",15187,1,-0.0876260312553952,2.81138728037635e-27,6.52241849047314e-27
"GSE172577","LGALS7_detected","TYMS",15187,1,-0.0917006043817026,1.00144514150827e-29,2.76589610511809e-29
"GSE172577","LGALS7_detected","BIRC5",15187,1,-0.109152513946548,1.77441261626705e-41,9.35599379486261e-41
"GSE172577","LGALS7_detected","CDK1",15187,1,-0.100094648271025,4.02874082528825e-35,1.46041854916699e-34
"GSE172577","LGALS7_detected","emt",15187,8,0.0494896957980693,1.0466629090876e-09,1.68629024241892e-09
"GSE172577","LGALS7_detected","VIM",15187,1,0.0146524215509707,0.0709734218086995,0.0791626627866264
"GSE172577","LGALS7_detected","SNAI1",15187,1,0.0603251950492302,1.00401520572383e-13,2.00803041144766e-13
"GSE172577","LGALS7_detected","SNAI2",15187,1,0.0306244872480021,0.000160264579535039,0.000232383640325807
"GSE172577","LGALS7_detected","ZEB1",15187,1,-0.016835378769754,0.0380149633171908,0.0459347473416055
"GSE172577","LGALS7_detected","ZEB2",15187,1,0.0214034170636272,0.00834588628131594,0.0107569200959183
"GSE172577","LGALS7_detected","CDH2",15187,1,-0.0563570196894007,3.6492326895905e-12,6.82759664504029e-12
"GSE172577","LGALS7_detected","FN1",15187,1,0.112250416272474,8.85807807937711e-44,5.7085392067097e-43
"GSE172577","LGALS7_detected","TWIST1",15187,1,-0.00700894162570245,0.387758062478914,0.39456083550486
"GSE172577","LGALS7_detected","invasion",15187,6,0.0152380311095507,0.0604055821794047,0.068696544439323
"GSE172577","LGALS7_detected","MMP1",15187,1,0.109243955253,1.52072244674627e-41,8.82019019112836e-41
"GSE172577","LGALS7_detected","MMP9",15187,1,-0.016154224590904,0.0465093989157175,0.0539509027422323
"GSE172577","LGALS7_detected","MMP10",15187,1,-0.0897026164982233,1.64085025253563e-28,3.96538811029443e-28
"GSE172577","LGALS7_detected","LAMC2",15187,1,-0.0450122903649741,2.86536479806848e-08,4.26131175097364e-08
"GSE172577","LGALS7_detected","PTHLH",15187,1,-0.0247692088254419,0.00226819717404121,0.00305942874638116
"GSE172577","LGALS7_detected","CXCL8",15187,1,0.0201441764197937,0.0130454496544113,0.0164486104338229
"GSE172577","LGALS7_detected","oncogenic_signaling",15187,7,0.0109113629766719,0.178755372073732,0.188505665095936
"GSE172577","LGALS7_detected","EGFR",15187,1,-0.0911302664752738,2.23886976511559e-29,5.64584549463931e-29
"GSE172577","LGALS7_detected","MYC",15187,1,0.0139166361324235,0.0863514350351625,0.0944977968309325
"GSE172577","LGALS7_detected","CCND1",15187,1,-0.0524868996329906,9.65986293489167e-11,1.64785897124623e-10
"GSE172577","LGALS7_detected","CDKN2A",15187,1,0.115242178784926,4.59618570770925e-46,3.33223463808921e-45
"GSE172577","LGALS7_detected","STAT3",15187,1,-0.0195683371488709,0.015884999068696,0.019602764808178
"GSE172577","LGALS7_detected","JUN",15187,1,-0.0499083830793138,7.56406796822782e-10,1.25347412044918e-09
"GSE172577","LGALS7_detected","FOS",15187,1,0.0131067009924194,0.106278673493603,0.114151167826462
"GSE172577","LGALS7_detected","LGALS1",15187,1,0.26627574634267,7.76079814601433e-245,2.25063146234416e-243
"GSE172577","LGALS7_detected","LGALS2",15187,1,-0.0220626404532448,0.00654778874771286,0.00863117607653059
"GSE172577","LGALS7_detected","LGALS3",15187,1,0.0540140668801746,2.72401149351421e-11,4.9372708319945e-11
"GSE172577","LGALS7_detected","LGALS4",15187,1,0.0166366867550468,0.0403444975855782,0.0477547114278273
"GSE172577","LGALS7_detected","LGALS7B",15187,1,0.665111007732647,0,0
"GSE172577","LGALS7_detected","LGALS8",15187,1,-0.0281092436830139,0.000531302297550126,0.000751598372144081
"GSE172577","LGALS7_detected","LGALS9",15187,1,-0.0853206648825587,6.09388777118597e-26,1.35940573357225e-25
