"dataset","tissue","cell_type","expression_scale","n_samples","pct_detected","n_cells"
"GSE103322","lymph_node","B cell","log2(TPM/10+1)",16,0,66
"GSE103322","lymph_node","Dendritic","log2(TPM/10+1)",2,0,4
"GSE103322","lymph_node","Endothelial","log2(TPM/10+1)",3,0,63
"GSE103322","lymph_node","Fibroblast","log2(TPM/10+1)",13,0.641025641025641,312
"GSE103322","lymph_node","Macrophage","log2(TPM/10+1)",5,0,6
"GSE103322","lymph_node","Malignant","log2(TPM/10+1)",8,62.5634517766497,788
"GSE103322","lymph_node","Mast","log2(TPM/10+1)",5,0,7
"GSE103322","lymph_node","T cell","log2(TPM/10+1)",11,0,88
"GSE103322","lymph_node","Unassigned","log2(TPM/10+1)",10,25.9259259259259,27
"GSE103322","primary_tumor","B cell","log2(TPM/10+1)",6,0,72
"GSE103322","primary_tumor","Dendritic","log2(TPM/10+1)",7,2.12765957446808,47
"GSE103322","primary_tumor","Endothelial","log2(TPM/10+1)",14,0,197
"GSE103322","primary_tumor","Fibroblast","log2(TPM/10+1)",37,0.531914893617021,1128
"GSE103322","primary_tumor","Macrophage","log2(TPM/10+1)",13,1.08695652173913,92
"GSE103322","primary_tumor","Malignant","log2(TPM/10+1)",33,78.2060266292922,1427
"GSE103322","primary_tumor","Mast","log2(TPM/10+1)",18,0,113
"GSE103322","primary_tumor","Myocyte","log2(TPM/10+1)",6,0,19
"GSE103322","primary_tumor","T cell","log2(TPM/10+1)",219,0.348128807658834,1149
"GSE103322","primary_tumor","Unassigned","log2(TPM/10+1)",30,27.9461279461279,297
"GSE172577","primary_tumor","B/Plasma","log1p of counts scaled to 10,000",6,1.89125295508274,1692
"GSE172577","primary_tumor","Endothelial","log1p of counts scaled to 10,000",6,8.66983372921614,842
"GSE172577","primary_tumor","Epithelial","log1p of counts scaled to 10,000",6,36.8732852599121,41187
"GSE172577","primary_tumor","Fibroblast","log1p of counts scaled to 10,000",6,2.25825130283729,1727
"GSE172577","primary_tumor","Mast","log1p of counts scaled to 10,000",6,1.54083204930663,649
"GSE172577","primary_tumor","Myeloid","log1p of counts scaled to 10,000",6,2.75571405414167,6169
"GSE172577","primary_tumor","Pericyte","log1p of counts scaled to 10,000",6,1.19940029985008,667
"GSE172577","primary_tumor","T cell","log1p of counts scaled to 10,000",6,2.83436669619132,4516
"GSE172577","primary_tumor","Unassigned","log1p of counts scaled to 10,000",4,0.873362445414847,458
"GSE181919","leukoplakia","B/Plasma","log1p of counts scaled to 10,000",4,0.214822771213748,931
"GSE181919","leukoplakia","Dendritic","log1p of counts scaled to 10,000",4,0,95
"GSE181919","leukoplakia","Endothelial","log1p of counts scaled to 10,000",4,0.319897632757517,1563
"GSE181919","leukoplakia","Epithelial","log1p of counts scaled to 10,000",4,63.9344262295082,183
"GSE181919","leukoplakia","Fibroblast","log1p of counts scaled to 10,000",4,0.370959194488606,1887
"GSE181919","leukoplakia","Macrophage","log1p of counts scaled to 10,000",4,0.210970464135021,474
"GSE181919","leukoplakia","Mast","log1p of counts scaled to 10,000",3,0,15
"GSE181919","leukoplakia","Myocyte","log1p of counts scaled to 10,000",1,0,3
"GSE181919","leukoplakia","T cell","log1p of counts scaled to 10,000",4,0.363372093023256,1376
"GSE181919","normal","B/Plasma","log1p of counts scaled to 10,000",3,0,426
"GSE181919","normal","Dendritic","log1p of counts scaled to 10,000",2,0,21
"GSE181919","normal","Endothelial","log1p of counts scaled to 10,000",3,0,613
"GSE181919","normal","Epithelial","log1p of counts scaled to 10,000",3,5.52763819095477,199
"GSE181919","normal","Fibroblast","log1p of counts scaled to 10,000",3,0,3757
"GSE181919","normal","Macrophage","log1p of counts scaled to 10,000",3,0,162
"GSE181919","normal","Mast","log1p of counts scaled to 10,000",3,0,8
"GSE181919","normal","Myocyte","log1p of counts scaled to 10,000",3,0,90
"GSE181919","normal","T cell","log1p of counts scaled to 10,000",3,0.0511247443762781,1956
"GSE181919","primary_tumor","B/Plasma","log1p of counts scaled to 10,000",10,1.16363636363636,1375
"GSE181919","primary_tumor","Dendritic","log1p of counts scaled to 10,000",10,0.436046511627907,688
"GSE181919","primary_tumor","Endothelial","log1p of counts scaled to 10,000",10,0.318471337579618,314
"GSE181919","primary_tumor","Fibroblast","log1p of counts scaled to 10,000",10,0.987045033929674,1621
"GSE181919","primary_tumor","Macrophage","log1p of counts scaled to 10,000",10,0.58717253839205,2214
"GSE181919","primary_tumor","Malignant","log1p of counts scaled to 10,000",10,53.2703488372093,1376
"GSE181919","primary_tumor","Mast","log1p of counts scaled to 10,000",8,1.42857142857143,140
"GSE181919","primary_tumor","Myocyte","log1p of counts scaled to 10,000",2,0,4
"GSE181919","primary_tumor","T cell","log1p of counts scaled to 10,000",10,1.65103189493433,2665
